{
  "values": [
    {
      "id": "thiccmod:waffle_poi",
      "required": false
    },
    {
      "id": "thiccmod:computer_poi",
      "required": false
    },
    {
      "id": "thiccmod:walmart_poi",
      "required": false
    },
    {
      "id": "thiccmod:mcdonalds_poi",
      "required": false
    },
    {
      "id": "thiccmod:arbys_poi",
      "required": false
    },
    {
      "id": "thiccmod:chicfila_poi",
      "required": false
    },
    {
      "id": "thiccmod:liquor_poi",
      "required": false
    }
  ]
}