{
	"format_version": "1.8.0",
	"animations": {
		"animation.discord_kitten.walk": {
			"animation_length": 4,
			"bones": {
				"rightArm": {
					"rotation": {
						"0.0": [0, 0, 0],
						"1.0": [-37.5, 0, 0],
						"2.0": [0, 0, 0],
						"3.0": [30, 0, 0],
						"4.0": [0, 0, 0]
					}
				},
				"leftArm": {
					"rotation": {
						"0.0": [0, 0, 0],
						"1.0": [32.5, 0, 0],
						"2.0": [0, 0, 0],
						"3.0": [-35, 0, 0],
						"4.0": [0, 0, 0]
					}
				},
				"rightLeg": {
					"rotation": {
						"0.0": [0, 0, 0],
						"1.0": [20, 0, 0],
						"2.0": [0, 0, 0],
						"3.0": [-20, 0, 0],
						"4.0": [0, 0, 0]
					}
				},
				"leftLeg": {
					"rotation": {
						"0.0": [0, 0, 0],
						"1.0": [-32.5, 0, 0],
						"2.0": [0, 0, 0],
						"3.0": [22.5, 0, 0],
						"4.0": [0, 0, 0]
					}
				}
			}
		},
		"animation.discord_kitten.sit": {
			"loop": "hold_on_last_frame",
			"bones": {
				"body": {
					"position": [0, -2, 0]
				},
				"rightLeg": {
					"rotation": [-84.6809, 19.92066, 1.81693],
					"position": [-1, 1, -2]
				},
				"leftLeg": {
					"rotation": [-90, -17.5, 0],
					"position": [0, 0, -1]
				}
			}
		}
	}
}