{
	"credit": "Made with Blockbench",
	"texture_size": [32, 32],
	"textures": {
		"0": "thiccmod:block/reddit_computer_block",
		"particle": "thiccmod:block/reddit_computer_block"
	},
	"elements": [
		{
			"name": "keyboard",
			"from": [4, 0, 1],
			"to": [15, 1, 7],
			"faces": {
				"north": {"uv": [3, 9.5, 8.5, 10], "texture": "#0"},
				"east": {"uv": [0, 9.5, 3, 10], "texture": "#0"},
				"south": {"uv": [11.5, 9.5, 17, 10], "texture": "#0"},
				"west": {"uv": [8.5, 9.5, 11.5, 10], "texture": "#0"},
				"up": {"uv": [8.5, 9.5, 3, 6.5], "texture": "#0"},
				"down": {"uv": [14, 6.5, 8.5, 9.5], "texture": "#0"}
			}
		},
		{
			"name": "monitor_base",
			"from": [6, 0, 11],
			"to": [11, 1, 14],
			"faces": {
				"north": {"uv": [2.5, 0, 5, 0.5], "texture": "#0"},
				"east": {"uv": [0.5, 4, 2, 4.5], "texture": "#0"},
				"south": {"uv": [2.5, 0.5, 5, 1], "texture": "#0"},
				"west": {"uv": [2, 4, 3.5, 4.5], "texture": "#0"},
				"up": {"uv": [4, 2.5, 1.5, 1], "texture": "#0"},
				"down": {"uv": [4, 2.5, 1.5, 4], "texture": "#0"}
			}
		},
		{
			"name": "mouse",
			"from": [0, 0, 1],
			"to": [2, 1, 5],
			"faces": {
				"north": {"uv": [0, 7, 1, 7.5], "texture": "#0"},
				"east": {"uv": [0, 6, 2, 6.5], "texture": "#0"},
				"south": {"uv": [1, 7, 2, 7.5], "texture": "#0"},
				"west": {"uv": [0, 6.5, 2, 7], "texture": "#0"},
				"up": {"uv": [1, 9.5, 0, 7.5], "texture": "#0"},
				"down": {"uv": [2, 7.5, 1, 9.5], "texture": "#0"}
			}
		},
		{
			"name": "monitor_support",
			"from": [8, 1, 12],
			"to": [9, 6, 13],
			"faces": {
				"north": {"uv": [5.5, 1.5, 6, 4], "texture": "#0"},
				"east": {"uv": [6.5, 1.5, 7, 4], "texture": "#0"},
				"south": {"uv": [6, 1.5, 6.5, 4], "texture": "#0"},
				"west": {"uv": [7, 1.5, 7.5, 4], "texture": "#0"},
				"up": {"uv": [5.5, 2, 5, 1.5], "texture": "#0"},
				"down": {"uv": [5.5, 2, 5, 2.5], "texture": "#0"}
			}
		},
		{
			"name": "monitor_connector",
			"from": [8, 5, 10],
			"to": [9, 6, 12],
			"faces": {
				"north": {"uv": [3.5, 4, 4, 4.5], "texture": "#0"},
				"east": {"uv": [4.5, 5, 5.5, 5.5], "texture": "#0"},
				"south": {"uv": [4, 5.5, 4.5, 6], "texture": "#0"},
				"west": {"uv": [4.5, 5.5, 5.5, 6], "texture": "#0"},
				"up": {"uv": [8, 6.5, 7.5, 5.5], "texture": "#0"},
				"down": {"uv": [6.5, 5.5, 6, 6.5], "texture": "#0"}
			}
		},
		{
			"name": "screen",
			"from": [2, 3, 9],
			"to": [15, 12, 10],
			"faces": {
				"north": {"uv": [0.5, 11.5, 7, 16], "texture": "#0"},
				"east": {"uv": [0, 11.5, 0.5, 16], "texture": "#0"},
				"south": {"uv": [7.5, 11.5, 14, 16], "texture": "#0"},
				"west": {"uv": [7, 11.5, 7.5, 16], "texture": "#0"},
				"up": {"uv": [7, 11.5, 0.5, 11], "texture": "#0"},
				"down": {"uv": [13.5, 11, 7, 11.5], "texture": "#0"}
			}
		}
	],
	"groups": [
		{
			"name": "reddit_computer",
			"origin": [8, 8, 8],
			"color": 0,
			"children": [0, 1, 2, 3, 4, 5]
		}
	]
}