{
  "type": "thiccmod:trogdim_type",
  "generator": {
    "type": "minecraft:noise",
    "biome_source": {
      "type": "minecraft:multi_noise",
      "biomes": [
        {
          "biome": "thiccmod:test_biome",
          "parameters": {
            "continentalness": 0.0,
            "depth": 0.0,
            "erosion": 0.0,
            "humidity": 0.0,
            "offset": 0.0,
            "temperature": 0.0,
            "weirdness": 0.0
          }
        }
      ]
    },
    "settings": "minecraft:overworld"
  }
}