{
  "type": "minecraft:the_nether",
  "generator": {
    "type": "minecraft:noise",
    "settings": {
      "sea_level": 32,
      "disable_mob_generation": false,
      "aquifers_enabled": false,
      "ore_veins_enabled": false,
      "legacy_random_source": true,
      "default_block": {
        "Name": "minecraft:purpur_block"
      },
      "default_fluid": {
        "Name": "minecraft:water",
        "Properties": {
          "level": "0"
        }
      },
      "noise": {
        "min_y": 0,
        "height": 128,
        "size_horizontal": 1,
        "size_vertical": 2
      },
      "noise_router": {
        "barrier": 0.0,
        "continents": 0.0,
        "depth": 0.0,
        "erosion": 0.0,
        "final_density": {
          "type": "minecraft:squeeze",
          "argument": {
            "type": "minecraft:mul",
            "argument1": 0.64,
            "argument2": {
              "type": "minecraft:interpolated",
              "argument": {
                "type": "minecraft:blend_density",
                "argument": {
                  "type": "minecraft:add",
                  "argument1": 2.5,
                  "argument2": {
                    "type": "minecraft:mul",
                    "argument1": {
                      "type": "minecraft:y_clamped_gradient",
                      "from_value": 0.0,
                      "from_y": -8,
                      "to_value": 1.0,
                      "to_y": 24
                    },
                    "argument2": {
                      "type": "minecraft:add",
                      "argument1": -2.5,
                      "argument2": {
                        "type": "minecraft:add",
                        "argument1": 0.9375,
                        "argument2": {
                          "type": "minecraft:mul",
                          "argument1": {
                            "type": "minecraft:y_clamped_gradient",
                            "from_value": 1.0,
                            "from_y": 104,
                            "to_value": 0.0,
                            "to_y": 128
                          },
                          "argument2": {
                            "type": "minecraft:add",
                            "argument1": -0.9375,
                            "argument2": "minecraft:nether/base_3d_noise"
                          }
                        }
                      }
                    }
                  }
                }
              }
            }
          }
        },
        "fluid_level_floodedness": 0.0,
        "fluid_level_spread": 0.0,
        "initial_density_without_jaggedness": 0.0,
        "lava": 0.0,
        "ridges": 0.0,
        "temperature": {
          "type": "minecraft:shifted_noise",
          "noise": "minecraft:temperature",
          "shift_x": "minecraft:shift_x",
          "shift_y": 0.0,
          "shift_z": "minecraft:shift_z",
          "xz_scale": 0.25,
          "y_scale": 0.0
        },
        "vegetation": {
          "type": "minecraft:shifted_noise",
          "noise": "minecraft:vegetation",
          "shift_x": "minecraft:shift_x",
          "shift_y": 0.0,
          "shift_z": "minecraft:shift_z",
          "xz_scale": 0.25,
          "y_scale": 0.0
        },
        "vein_gap": 0.0,
        "vein_ridged": 0.0,
        "vein_toggle": 0.0
      },
      "spawn_target": [],
      "surface_rule": {
        "type": "minecraft:sequence",
        "sequence": [
          {
            "type": "minecraft:condition",
            "if_true": {
              "type": "minecraft:vertical_gradient",
              "false_at_and_above": {
                "above_bottom": 5
              },
              "random_name": "minecraft:bedrock_floor",
              "true_at_and_below": {
                "above_bottom": 0
              }
            },
            "then_run": {
              "type": "minecraft:block",
              "result_state": {
                "Name": "minecraft:bedrock"
              }
            }
          },
          {
            "type": "minecraft:condition",
            "if_true": {
              "type": "minecraft:not",
              "invert": {
                "type": "minecraft:vertical_gradient",
                "false_at_and_above": {
                  "below_top": 0
                },
                "random_name": "minecraft:bedrock_roof",
                "true_at_and_below": {
                  "below_top": 5
                }
              }
            },
            "then_run": {
              "type": "minecraft:block",
              "result_state": {
                "Name": "minecraft:bedrock"
              }
            }
          },
          {
            "type": "minecraft:condition",
            "if_true": {
              "type": "minecraft:y_above",
              "add_stone_depth": false,
              "anchor": {
                "below_top": 5
              },
              "surface_depth_multiplier": 0
            },
            "then_run": {
              "type": "minecraft:block",
              "result_state": {
                "Name": "minecraft:purpur_block"
              }
            }
          },
          {
            "type": "minecraft:block",
            "result_state": {
              "Name": "minecraft:purpur_block"
            }
          }
        ]
      }
    },
    "biome_source": {
      "type": "minecraft:multi_noise",
      "biomes": [
        {
          "biome": "thiccmod:test_biome",
          "parameters": {
            "temperature": 0,
            "humidity": 0,
            "continentalness": 0,
            "erosion": 0,
            "weirdness": 0,
            "depth": 0,
            "offset": 0
          }
        }
      ]
    }
  }
}