{
  "computer_break_sound": {
    "subtitle": "sounds.thiccmod.computer_break_sound",
    "sounds": [
      "thiccmod:computer_block_break"
    ]
  },
  "computer_walk_sound": {
    "subtitle": "sounds.thiccmod.computer_walk_sound",
    "sounds": [
      "thiccmod:computer_block_walk"
    ]
  },
  "computer_hit_sound": {
    "subtitle": "sounds.thiccmod.computer_hit_sound",
    "sounds": [
      "thiccmod:computer_block_hit"
    ]
  },
  "computer_place_sound": {
    "subtitle": "sounds.thiccmod.computer_place_sound",
    "sounds": [
      "thiccmod:computer_block_place"
    ]
  },
  "kitten_death": {
    "subtitle": "sounds.thiccmod.kitten_death",
    "sounds": [
      "thiccmod:kitten_death"
    ]
  },
  "uwu": {
    "subtitle": "sounds.thiccmod.uwu",
    "sounds": [
      "thiccmod:uwu"
    ]
  },
  "uwu2": {
    "subtitle": "sounds.thiccmod.uwu2",
    "sounds": [
      "thiccmod:uwu2"
    ]
  },
  "kitten_hurt": {
    "subtitle": "sounds.thiccmod.kitten_hurt",
    "sounds": [
      "thiccmod:kitten_hurt"
    ]
  }
}