{
  // The base structure class to use for the behavior of the structure. (Like extra terrain checks and such)
  "type": "minecraft:jigsaw",

  // the path to the template pool json file to use
  "start_pool": "thiccmod:waffle_house/start_pool",

  // This is how many pieces away from the starting piece a piece of the structure can spawn
  // Think of it like the length of the branch of the structure
  "size": 2,

  // Maximum distance away from center that pieces can spawn. Cannot be greater than 128
  "max_distance_from_center": 80,

  // The biome tag to use for what biomes that this structure can spawn in"
  "biomes": "#thiccmod:has_structure/waffle_house",

  // The generation step for when to generate the structure. there are 10 stages you can pick from!
  // This surface structure stage places the structure before plants and ores are generated
  // See GenerationStep.Feature enum for all the stages you can use and what order they are in
  "step": "surface_structures",

  // Where to spawn our structure at what y value if project_start_to_heightmap is not present.
  // start_height can be used to spawn at a random fixed y value by doing something like: "max_inclusive": { "below_top": 10 }, "min_inclusive": { "above_bottom": 32 }
  // If project_start_to_heightmap is present, the y value chosen in start_height will be added to the terrain's y value.
  // So a start height that gives -5 will sink the structure 5 blocks into the terrain. Here, we will spawn this structure 60 blocks above the terrain.
  "start_height": {
    "absolute": 0
  },

  // Makes our sky fan structure take the terrain's top y value and add it to the start_height y value above.
  // The final value is the y value the structures spawn at.
  // WORLD_SURFACE_WG will stop at first non-air block so it spawns above oceans always instead of sunken into a deep sea.
  "project_start_to_heightmap": "WORLD_SURFACE_WG",

  // Keep this false. This is only for vanilla legacy villages to make it spawn properly. We don't need no hacks here!
  "use_expansion_hack": false,

  // What mobs can spawn over time in the structure.
  // Make sure you add the mob to the right category (monster, creature, etc)
  "spawn_overrides": {
    "creature": {
      "bounding_box": "piece",
      "spawns": [
        {
          "type": "minecraft:villager",
          "weight": 1,
          "minCount": 1,
          "maxCount": 4
        }
      ]
    }
  }
}